{
    "items": [
        {
            "id": 0,
            "time": "嘤嘤嘤~~~~~~~~（呸。。）",
            "msg": "这里没别的意思，就是开心一下。。。"
        },
        {
            "id": 0,
            "time": "2018年7月8日",
            "msg": "MCSM-Pro(Beta1.2)已发布，修复了beta1一些小BUG。"
        },
        {
            "id": 0,
            "time": "2018年6月30日",
            "msg": "MCSM-Pro(Beta2)已在路上，相信不久就会完成。"
        },
        {
            "id": 0,
            "time": "2018年6月19日",
            "msg": "MCSM-Pro(Beta1)发布，虽然只是更新了GUI，但是至少能用。。。。"
        },
		{    "id": 0,
            "time": "2018年6月?日",
            "msg": "MCSM-Pro开工"
	    }
		
    ]
}
