{
"items": [
{
"id": 0,
"time": "2019年6月2日",
"msg": "项目最近将稳定慢速更新，我们还有更重要的事情需要做，我们依然会尽最大努力继续维护这个项目。"
},{
"id": 0,
"time": "2019年3月6日",
"msg": "我们也持续的收到很多开发者的建议与代码提供，感谢你们！"
},{
"id": 0,
"time": "2019年2月5日",
"msg": "已亥猪年，新年快乐！回家团聚的时候，也不要忘记用手机看几眼服务器的状态哦~"
},{
"id": 0,
"time": "2019年1月1日",
"msg": "新年快乐！希望各位服主，服务商，玩家和开发者们，让 Minecraft 生态更加健康快速发展下去。 "
},{
"id": 0,
"time": "2018年12月18日",
"msg": "近期有更多的开发者提供建议与代码，在此非常感谢，希望我们能收到更多的鼓励，支持，与合作。"
},{
"id": 0,
"time": "2018年11月18日",
"msg": "[建议更新] Linux 版本的支持 Docker 的版本已经发布，目前在 Github 上已经拥有最新源代码。过段时间，发布 Windows 版本，但是 Windows 下无法支持 Docker 的使用。"
},{
"id": 0,
"time": "2018年11月12日",
"msg": "我们计划在未来版本加入 Docker 的虚拟化服务端使用。"
},{
"id": 0,
"time": "2018年10月24日",
"msg": "祝各位程序员1024 节快乐，以及祝各位机器永不宕机，永无问题。"
},{
"id": 0,
"time": "2018年10月8日",
"msg": "依据我们数个月的观察与测试，我们对稳定性与安全性已经有初步的了解，接下来我们将逐步稳定更新，以稳定性与安全性为原则，进行功能上的累积更新。感谢支持，感谢使用！"
}, {
"id": 0,
"time": "2018年10月5日",
"msg": "[可选择性更新] 我们进行了一部分优化，但是没有为此发布版本。"
}, {
"id": 0,
"time": "2018年8月7日",
"msg": "[可选择更新] 版本 8.4.5 已经发布。"
},
{
"id": 0,
"time": "2018年7月19日",
"msg": "[可选择更新] 版本 8.4.4 已经发布，添加一键启动/关闭所有服务端功能，添加的启动/关闭输出。"
},
{
"id": 0,
"time": "2018年6月30日",
"msg": "在此感谢部分用户的反馈，对我们的界面提出更好的意见，我们会在近期更新界面已优化更好的用户体验。"
},
{
"id": 0,
"time": "2018年6月16日",
"msg": "[可选择更新] 版本 8.4.3 已经发布，更优雅的实现历史日志，更好的界面图标，已在 Windows 整合版本。"
},
{
"id": 0,
"time": "2018年6月13日",
"msg": "[推荐性更新] 版本 8.4.2 已经发布，优化计划任务，新增自定义控制台编码等功能，新增简体/繁体整合版本，已在 Windows 整合版本。"
},
{
"id": 0,
"time": "2018年6月10日",
"msg": "我们发现计划任务手册上的说明有点问题，我们将在新版本上修改说明。"
},
{
"id": 0,
"time": "2018年5月28日",
"msg": "[可选择更新] 版本 8.3.4 已经发布，增强控制台颜色，优化界面，修复一些小问题等等。"
},
{
"id": 0,
"time": "2018年5月22日",
"msg": "[可选择更新] 版本 8.3.3 Beta 发布，我们支持控制台简单的颜色，删除了不必要的动画，并且加强了心跳包检测等等。"
},
{
"id": 0,
"time": "2018年5月13日",
"msg": "[推荐性更新] 版本 8.3.2 已经发布，具体请看 Github 开发日志，我们会开始稳步开发，尽可能的减少代码冲突，祝您使用愉快。"
},
{
"id": 0,
"time": "2018年4月31日",
"msg": "[可选择更新] 版本 8.3.0 Beta 已经发布，也已经加入到 Windows 整合版本。"
},
{
"id": 0,
"time": "2018年4月22日",
"msg": "[可选择更新] 版本 8.2.7 Beta 已经发布，修复了旧版本一直存在的某些问题，安全限制更加严格，我们建议旧版本都更新到此版本，得以更好的保障您的安全性。"
},
{
"id": 0,
"time": "2018年4月16日",
"msg": "[可选择更新] 发行版本 8.2.6 已经发布，我们修复了原先 FTP 不稳定性，并且增强了安全性。"
},
{
"id": 0,
"time": "2018年4月12日",
"msg": "已将 Github 上 8.2.5 发行版本打包到 Windows 整合版本，具体更新功能请查看 Github 上更新日志。"
},
{
"id": 0,
"time": "2018年4月5日",
"msg": "我们在安全性上采用了更加严格的方式，预计很快 Windows 整合版我们也会更新。"
},
{
"id": 0,
"time": "2018年3月25日",
"msg": "如果你使用的是较为新的版本，你可以通过 property.js 文件来设置更多细节上的设置。"
},
{
"id": 0,
"time": "2018年3月12日",
"msg": "我们为界面添加更多好看的动画，并且已经将累计到此的更新打包到 Windows 整合版本。"
},
{
"id": 0,
"time": "2018年3月5日",
"msg": "我们调整了控制台刷新频率，并且正在将界面不断做得更好！"
},
{
"id": 0,
"time": "2018年2月24日",
"msg": "我们正在思考将控制台日志查阅与加载时而卡顿问题优化，相信过段时间，我们将开发出更好的在线控制台"
},
{
"id": 0,
"time": "2018年2月17日",
"msg": "祝各位新年快乐！与此同时，我们进行了一个小版本的更新。"
},
{
"id": 0,
"time": "2018年2月12日",
"msg": "我们新增了自动重启功能，目前已添加的最新版本"
},
{
"id": 0,
"time": "2018年1月26日",
"msg": "Mcserver Manager 8.2 正式版已发布，主要新增文件在线管理功能，优化界面布局，修复一些已知的 BUG ，现在等待你的回应。"
},
{
"id": 0,
"time": "2018年1月14日",
"msg": "我们正在开发在线文件管理功能，即将发布测试版本。"
},
{
"id": 0,
"time": "2018年1月1日",
"msg": "祝你新的一年快乐，BUG 更少，收入更高，服务器不匿机，程序不崩溃，大吉大利。"
},
{
"id": 0,
"time": "2017年12月13日",
"msg": "我们计划将在未来版本新增文件在线管理与编辑功能，以解决 FTP 上的不足之处。"
},
{
"id": 0,
"time": "2017年11月28日",
"msg": "Github 上我们推送了一个界面优化更新,让整体布局界面变得更加紧凑，拥有板块直接的合理距离。"
},
{
"id": 0,
"time": "2017年11月27日",
"msg": "GitHub 上进行了一个功能更新，新增完全自定义启动参数,您可以自定义启动更加复杂的服务端脚本。当然也包括您可以将其当做 Webshell 使用，请保护好您的密码"
},
{
"id": 0,
"time": "2017年11月26日",
"msg": "如果您安装了 Git 的话,可以通过 git pull(首先需要 clone)来进行实时更新。"
},
{
"id": 0,
"time": "2017年11月21日",
"msg": "欢迎访问我们的新站点 [ http://mcsm.suwings.top ]"
},
{
"id": 0,
"time": "2017年11月15日",
"msg": "开源: Mcserver Manager 8.1 [ https://github.com/Suwings/MCSManager ]"
},
{
"id": 0,
"time": "2017年11月3日",
"msg": "欢迎各位 dalao 以及萌新加入QQ群参与讨论社交 [ 287215485 ] "
},
{
"id": 0,
"time": "2017年11月2日",
"msg": "Mcserver Manager 8.1 正式版本已发布"
},
{
"id": 0,
"time": "2017年11月1日",
"msg": "我们已经发布 Mcserver Manager 8.1 测试版本,有兴趣可以下载反馈和使用，预计很快出正式版本"
},
{
"id": 0,
"time": "2017年10月31日",
"msg": "我们正在与测试人员进行最后的沟通，预计很快发布 8.1 版本"
},
{
"id": 0,
"time": "2017年10月25日",
"msg": "我们已经完成了 Mcserver 8.1 版本的开发，我们正准备进行环境测试，预计很快测试完成"
},
{
"id": 0,
"time": "2017年10月17日",
"msg": "我们正在给 Mcserver Manager 8.1 版本加入 FTP Server 功能"
},
{
"id": 0,
"time": "2017年10月7日",
"msg": "预计再过段时间我们将更新 8.1 版本，主要是增加 Web 控制台的历史记录加载。"
},
{
"id": 0,
"time": "2017年9月28日",
"msg": "十分感谢您使用本软件，如有问题可以反馈，我们一直在这里。"
},
{
"id": 0,
"time": "2017年9月27日",
"msg": "我们已经记录了很多反馈，预计近期进行小幅度更新。"
},
{
"id": 0,
"time": "2017年9月26日",
"msg": "我们编译了Linux版本，已经发布，但兼容性有待提高。"
},
{
"id": 0,
"time": "2017年9月1日",
"msg": "我们简单的优化了后台算法，让数据处理更加流畅。"
},
{
"id": 0,
"time": "2017年8月24日",
"msg": "我们会考虑给控制台加上消息记录，记载服务器以前的控制台消息，但是需要一段时间"
},
{
"id": 0,
"time": "2017年8月13日",
"msg": "我们正在将文件存储方式改变为 Sqlite 存储，提高性能与效率，会在下个小版本发布"
},
{
"id": 0,
"time": "2017年8月9日",
"msg": "我们已经有了一些用户的反馈，我们希望有更多用户能把您在使用过程中遇到的 BUG 或认为 BUG 的地方反馈给我们，我们会在下次更新尽可能的修复"
},
{
"id": 0,
"time": "2017年8月7日",
"msg": "我们考虑开发 [计划任务] 和 [崩溃重启] 功能；但是需要一段时间"
},
{
"id": 0,
"time": "2017年8月5日",
"msg": "我们发现了两个不严重的 BUG ,我们在新的下载地址处已发布修复的版本，您如果愿意可以下载"
},
{
"id": 0,
"time": "2017年8月4日",
"msg": "我们已编译了 Windows 32 和 64 版本，预计随后编译 Linux 64 版本"
},
{
"id": 0,
"time": "2017年8月3日",
"msg": "我们正在和测试人员进行最后的沟通，预计很快发布正式版本"
},
{
"id": 0,
"time": "2017年8月2日",
"msg": "Mcserver Manager 8 测试版已经发布"
},
{
"id": 0,
"time": "更早以前...",
"msg": "不再提供关于 MCserver Manager 8.X 版本以下的信息，感谢关注。"
}
]
}
